"Top 1000 values of CMMAC_split","Top 1000 values of RemoteMac_split","Last value of RadioConditions_split"
"60:e6:f0:d4:e6:6c","3C:82:C0:D6:09:60",POOR
"d8:9c:8e:00:03:cf","D4:E2:CB:9D:58:A4",EXCELLENT
"d8:9c:8e:00:04:1f","D4:E2:CB:9D:64:14",EXCELLENT
"d8:9c:8e:00:04:38","E0:DB:D1:DC:7B:B7",FAIR
"d8:9c:8e:00:04:51","80:DA:C2:BE:76:78",EXCELLENT
"d8:9c:8e:00:05:23","F8:79:0A:0E:36:50",EXCELLENT
"d8:9c:8e:00:05:af","F8:79:0A:0E:36:0E",EXCELLENT
"d8:9c:8e:00:08:52","F8:79:0A:0E:36:D4",FAIR
"d8:9c:8e:00:08:61","A8:70:5D:E2:B2:3A",POOR
"d8:9c:8e:00:09:97","D4:E2:CB:9D:63:94",FAIR
"d8:9c:8e:00:0a:3c","AC:4C:A5:AA:86:28",EXCELLENT
"d8:9c:8e:00:0b:77","F8:5E:42:3F:A3:06",POOR
"d8:9c:8e:00:0b:a4","64:67:72:AD:94:5D",FAIR
"d8:9c:8e:00:0b:b3","1C:9E:CC:21:87:3C",EXCELLENT
"d8:9c:8e:00:0b:b8","E8:CD:15:B8:45:E4",GOOD
"d8:9c:8e:00:0b:d1","D4:E2:CB:CF:DC:50",GOOD
"d8:9c:8e:00:0b:db","AC:4C:A5:B3:9F:F0",EXCELLENT
"d8:9c:8e:00:0b:e5","80:DA:C2:DF:61:FE",FAIR
"d8:9c:8e:00:0b:ea","64:67:72:8F:67:14",FAIR
"d8:9c:8e:00:0c:49","E4:BF:FA:FF:EB:E4",EXCELLENT
"d8:9c:8e:00:0c:53","80:DA:C2:DF:62:7C",EXCELLENT
"d8:9c:8e:00:0c:76","80:DA:C2:0E:6A:9D",FAIR
"d8:9c:8e:00:0c:80","E8:CD:15:BA:E0:18",FAIR
"d8:9c:8e:00:0c:8a","64:67:72:AD:AB:F6",GOOD
"d8:9c:8e:00:0d:20","E4:BF:FA:FF:E5:A4",EXCELLENT
"d8:9c:8e:00:0d:bb","5C:7D:7D:50:5F:84",FAIR
"d8:9c:8e:00:0e:29","5C:22:DA:3C:B4:9F",FAIR
"d8:9c:8e:00:0e:65","C4:4F:D5:F0:04:54",POOR
"d8:9c:8e:00:0e:79","C4:50:9C:60:F8:7C",POOR
"d8:9c:8e:00:0e:97","C4:50:9C:8D:4D:84",FAIR
"d8:9c:8e:00:11:80","1C:9E:CC:21:7A:2C",UNAVAILABLE
"d8:9c:8e:00:11:99","5C:22:DA:3D:33:EF",EXCELLENT
"d8:9c:8e:00:15:81","AC:4C:A5:59:84:46",POOR
"d8:9c:8e:00:15:b8","5C:22:DA:3D:15:BF",POOR
"d8:9c:8e:00:15:bd","1C:9E:CC:21:B8:DC",GOOD
"d8:9c:8e:00:15:d6","98:9D:5D:D0:8E:8F",FAIR
"d8:9c:8e:00:15:e0","64:67:72:8F:6F:BF",POOR
"d8:9c:8e:00:15:ea","3C:2D:9E:A2:54:AC",GOOD
"d8:9c:8e:00:15:ef","58:96:30:3F:CB:62",POOR
"d8:9c:8e:00:16:21","98:9D:5D:7F:C2:E3",EXCELLENT
"d8:9c:8e:00:16:30","3C:2D:9E:B5:59:24",FAIR
"d8:9c:8e:00:16:4e","64:67:72:8F:5F:65",GOOD
"d8:9c:8e:00:16:58","F8:D0:0E:F1:40:3C",FAIR
"d8:9c:8e:00:16:94","A0:FF:70:20:34:9D",FAIR
"d8:9c:8e:00:16:9e","70:13:01:06:D5:C0",FAIR
"d8:9c:8e:00:16:a8","D4:E2:CB:B7:9E:5F",POOR
"d8:9c:8e:00:16:bc","D4:E2:CB:DC:6E:7D",GOOD
"d8:9c:8e:00:16:c1","F8:5E:42:45:51:2A",FAIR
"d8:9c:8e:00:16:e4","B8:5E:71:FD:B6:64",GOOD
"d8:9c:8e:00:16:ee","64:67:72:8F:65:07",GOOD
"d8:9c:8e:00:17:34","88:9E:68:6F:CD:A3",POOR
"d8:9c:8e:00:17:39","1C:9D:72:72:F8:B4",GOOD
"d8:9c:8e:00:17:4d","1C:9E:CC:21:C0:A4",POOR
"d8:9c:8e:00:17:52","D4:E2:CB:B7:9E:27",GOOD
"d8:9c:8e:00:17:57","64:67:72:8F:67:22",GOOD
"d8:9c:8e:00:17:5c","D4:E2:CB:D0:78:F8",GOOD
"d8:9c:8e:00:17:84","58:96:30:3F:CA:AC",POOR
"d8:9c:8e:00:17:93","70:13:01:CC:A1:DC",GOOD
"d8:9c:8e:00:17:ac","1C:9E:CC:5C:33:96",FAIR
"d8:9c:8e:00:17:c5","C4:4F:D5:84:93:8C",FAIR
"d8:9c:8e:00:17:cf","3C:82:C0:0B:15:04",FAIR
"d8:9c:8e:00:17:de","10:36:AA:7D:D2:FC",POOR
"d8:9c:8e:00:18:15","F8:D2:AC:01:94:80",FAIR
"d8:9c:8e:00:18:51","1C:9E:CC:21:95:3C",FAIR
"d8:9c:8e:00:18:6a","D4:E2:CB:D0:17:E8",POOR
"d8:9c:8e:00:18:83","AC:DB:48:D3:93:5C",POOR
"d8:9c:8e:00:18:88","E0:DB:D1:DD:07:C5",FAIR
"d8:9c:8e:00:18:97","1C:9E:CC:21:95:24",EXCELLENT
"d8:9c:8e:00:18:ab","10:A7:93:0A:01:70",POOR
"d8:9c:8e:00:18:d3","08:A7:C0:3F:D5:80",POOR
"d8:9c:8e:00:18:e2","0C:FE:7B:63:9E:74",POOR
"d8:9c:8e:00:19:4b","1C:9E:CC:21:86:DC",EXCELLENT
"d8:9c:8e:00:19:5a","1C:9E:CC:21:B3:DC",EXCELLENT
"d8:9c:8e:00:19:6e","80:DA:C2:0C:85:12",FAIR
"d8:9c:8e:00:19:82","88:9E:68:E2:B4:A8",EXCELLENT
"d8:9c:8e:00:19:87","40:0F:C1:41:98:6E",FAIR
"d8:9c:8e:00:19:dc","B8:5E:71:F5:D0:0C",EXCELLENT
"d8:9c:8e:00:19:e6","AC:4C:A5:B3:9B:B8",GOOD
"d8:9c:8e:00:1a:1d","08:A7:C0:45:76:14",EXCELLENT
"d8:9c:8e:00:1a:22","8C:6A:8D:F8:FD:72",FAIR
"d8:9c:8e:00:1a:5e","B8:5E:71:37:57:B9",FAIR
"d8:9c:8e:00:1a:63","80:DA:C2:7A:7F:E4",POOR
"d8:9c:8e:00:1a:95","64:67:72:8F:70:28",POOR
"d8:9c:8e:00:1a:9a","D4:E2:CB:CF:F8:58",FAIR
"d8:9c:8e:00:1a:c7","80:DA:C2:8E:C2:1C",FAIR
"d8:9c:8e:00:1a:e0","1C:9E:CC:21:9A:FC",POOR
"d8:9c:8e:00:1b:21","00:CB:7A:C5:00:D8",EXCELLENT
"d8:9c:8e:00:1b:49","80:DA:C2:FA:66:90",EXCELLENT
"d8:9c:8e:00:1b:58","58:96:30:90:92:AA",POOR
"d8:9c:8e:00:1b:5d","5C:22:DA:3C:E7:5F",POOR
"d8:9c:8e:00:1b:62","0C:FE:7B:E7:FC:3C",POOR
"d8:9c:8e:00:1b:6c","C4:50:9C:A8:1D:44",FAIR
"d8:9c:8e:00:1b:71","70:13:01:5B:85:6C",POOR
"d8:9c:8e:00:1b:8a","94:04:E3:CE:D6:2C",GOOD
"d8:9c:8e:00:1b:94","80:DA:C2:90:5F:7C",FAIR
"d8:9c:8e:00:1b:9e","1C:9E:CC:21:8A:7C",POOR
"d8:9c:8e:00:1b:a3","64:67:72:8F:5F:34",GOOD
"d8:9c:8e:00:1b:a8","40:0F:C1:46:0E:5E",FAIR
"d8:9c:8e:00:1b:ad","80:DA:C2:EE:EA:70",POOR
"d8:9c:8e:00:1b:b7","1C:9E:CC:21:AB:14",POOR
"d8:9c:8e:00:1b:c6","5C:22:DA:3C:D7:4B",POOR
"d8:9c:8e:00:1c:07","5C:22:DA:3D:1E:63",POOR
"d8:9c:8e:00:1c:0c","AC:4C:A5:48:FD:EC",GOOD
"d8:9c:8e:00:1c:25","64:67:72:8F:70:7C",GOOD
"d8:9c:8e:00:1c:2f","5C:22:DA:3C:B6:5F",POOR
"d8:9c:8e:00:1c:43","5C:22:DA:3C:DA:07",GOOD
"d8:9c:8e:00:1c:61","3C:82:C0:08:DA:0C",FAIR
"d8:9c:8e:00:1c:6b","5C:7D:7D:2D:8D:9F",FAIR
"d8:9c:8e:00:1c:70","5C:22:DA:3C:EF:3F",FAIR
"d8:9c:8e:00:1c:7f","5C:7D:7D:78:94:AC",FAIR
"d8:9c:8e:00:1c:84","5C:7D:7D:4E:6C:7E",POOR
"d8:9c:8e:00:1c:8e","F8:D0:0E:48:49:DC",FAIR
"d8:9c:8e:00:1c:93","64:67:72:8F:62:05",POOR
"d8:9c:8e:00:1c:ac","00:CB:7A:FD:73:D1",FAIR
"d8:9c:8e:00:1c:b6","1C:9E:CC:D3:60:F6",FAIR
"d8:9c:8e:00:1c:c0","1C:9E:CC:52:F4:70",POOR
"d8:9c:8e:00:1c:c5","64:67:72:8F:5B:52",POOR
"d8:9c:8e:00:1c:cf","1C:9E:CC:56:F1:C1",GOOD
"d8:9c:8e:00:1c:d4","64:67:72:AD:9A:CA",GOOD
"d8:9c:8e:00:1c:e3","80:DA:C2:92:8E:D4",FAIR
"d8:9c:8e:00:1c:e8","B8:A5:35:A4:5B:C6",FAIR
"d8:9c:8e:00:1c:ed","1C:9D:72:07:07:70",GOOD
"d8:9c:8e:00:1d:1a","80:DA:C2:FB:AA:70",POOR
"d8:9c:8e:00:1d:1f","5C:7D:7D:4D:91:5C",FAIR
"d8:9c:8e:00:1d:33","48:BD:CE:1D:7F:42",EXCELLENT
"d8:9c:8e:00:1d:92","5C:22:DA:3D:23:33",POOR
"d8:9c:8e:00:1d:ab","5C:22:DA:3C:FA:13",FAIR
"d8:9c:8e:00:1d:b5","AC:DB:48:11:EE:0D",FAIR
"d8:9c:8e:00:1d:c9","E4:BF:FA:7D:4B:3D",EXCELLENT
"d8:9c:8e:00:1d:e7","D4:E2:CB:D7:C1:48",POOR
"d8:9c:8e:00:1d:ec","1C:9E:CC:21:A5:FC",EXCELLENT
"d8:9c:8e:00:1d:f1","0C:FE:7B:79:4D:F4",POOR
"d8:9c:8e:00:1e:00","D4:E2:CB:D7:D8:78",FAIR
"d8:9c:8e:00:1e:05","C0:94:35:D1:E1:7F",GOOD
"d8:9c:8e:00:1e:0f","80:DA:C2:8E:3D:C4",FAIR
"d8:9c:8e:00:1e:19","0C:FE:7B:38:DC:A4",FAIR
"d8:9c:8e:00:1e:28","5C:22:DA:3C:BF:3B",POOR
"d8:9c:8e:00:1e:2d","88:9E:68:72:93:DD",FAIR
"d8:9c:8e:00:1e:37","58:96:30:3F:C4:8C",EXCELLENT
"d8:9c:8e:00:1e:7d","10:36:AA:2C:E7:50",POOR
"d8:9c:8e:00:1e:d7","80:DA:C2:C4:E1:64",FAIR
"d8:9c:8e:00:1e:dc","C4:50:9C:73:0B:54",FAIR
"d8:9c:8e:00:1e:e6","1C:9E:CC:21:A8:54",FAIR
"d8:9c:8e:00:1e:eb","1C:9E:CC:21:B3:D4",FAIR
"d8:9c:8e:00:1e:f5","3C:2D:9E:8A:AC:60",POOR
"d8:9c:8e:00:1f:09","5C:22:DA:3D:1C:33",POOR
"d8:9c:8e:00:1f:22","48:BD:CE:FF:D4:A4",FAIR
"d8:9c:8e:00:1f:2c","A8:70:5D:BA:EB:37",FAIR
"d8:9c:8e:00:1f:4f","C4:50:9C:45:F3:CC",FAIR
"d8:9c:8e:00:1f:63","64:67:72:8F:5A:FE",FAIR
"d8:9c:8e:00:1f:6d","C4:50:9C:CA:0A:84",POOR
"d8:9c:8e:00:1f:81","1C:9E:CC:21:94:C4",EXCELLENT
"d8:9c:8e:00:1f:86","98:9D:5D:87:32:34",FAIR
"d8:9c:8e:00:1f:9f","AC:DB:48:04:CB:E4",POOR
"d8:9c:8e:00:1f:a4","1C:9E:CC:61:05:D4",EXCELLENT
"d8:9c:8e:00:1f:ae","1C:9E:CC:61:12:64",FAIR
"d8:9c:8e:00:1f:b8","1C:9E:CC:19:F2:15",POOR
"d8:9c:8e:00:1f:bd","1C:9D:72:2D:0D:04",POOR
"d8:9c:8e:00:1f:c2","10:36:AA:89:54:64",GOOD
"d8:9c:8e:00:1f:cc","1C:9E:CC:21:98:CC",FAIR
"d8:9c:8e:00:1f:d1","1C:9E:CC:21:B6:9C",GOOD
"d8:9c:8e:00:1f:d6","B8:5E:71:40:BB:B1",GOOD
"d8:9c:8e:00:1f:db","0C:FE:7B:C7:91:04",GOOD
"d8:9c:8e:00:1f:e0","5C:22:DA:3D:11:B3",POOR
"d8:9c:8e:00:1f:ef","F8:79:0A:4C:09:C5",EXCELLENT
"d8:9c:8e:00:1f:fe","B8:5E:71:42:AB:79",FAIR
"d8:9c:8e:00:20:12","5C:22:DA:EE:D5:B0",GOOD
"d8:9c:8e:00:20:49","1C:9E:CC:21:A4:FC",FAIR
"d8:9c:8e:00:20:58","5C:22:DA:3C:F1:6F",EXCELLENT
"d8:9c:8e:00:20:6c","C0:94:35:78:4D:84",GOOD
"d8:9c:8e:00:20:7b","70:13:01:D5:A3:D4",POOR
"d8:9c:8e:00:20:85","64:67:72:8F:64:90",FAIR
"d8:9c:8e:00:20:8f","5C:22:DA:3C:CA:47",POOR
"d8:9c:8e:00:20:a3","58:96:30:93:06:5E",POOR
"d8:9c:8e:00:20:ad","AC:4C:A5:B4:A8:80",POOR
"d8:9c:8e:00:20:bc","AC:DB:48:98:14:39",FAIR
"d8:9c:8e:00:20:c1","1C:9E:CC:25:77:2E",GOOD
"d8:9c:8e:00:20:e9","C4:50:9C:25:1E:D4",POOR
"d8:9c:8e:00:21:3e","98:9D:5D:DD:F5:53",FAIR
"d8:9c:8e:00:21:4d","80:DA:C2:F4:66:B8",POOR
"d8:9c:8e:00:21:bb","70:13:01:7C:27:0C",POOR
"d8:9c:8e:00:21:c5","3C:2D:9E:83:BD:0C",FAIR
"d8:9c:8e:00:21:ca","70:13:01:C6:5C:DC",FAIR
"d8:9c:8e:00:21:d9","1C:9E:CC:21:BB:6C",POOR
"d8:9c:8e:00:21:ed","58:96:30:3F:BF:C3",FAIR
"d8:9c:8e:00:22:15","AC:DB:48:E3:EF:0D",FAIR
"d8:9c:8e:00:22:56","D4:E2:CB:D7:95:E0",FAIR
"d8:9c:8e:00:22:6a","E0:DB:D1:43:57:C9",POOR
"d8:9c:8e:00:22:79","CC:F3:C8:6A:34:14",FAIR
"d8:9c:8e:00:22:7e","5C:22:DA:3C:A8:7B",POOR
"d8:9c:8e:00:22:92","64:67:72:8F:59:AE",POOR
"d8:9c:8e:00:22:97","E0:DB:D1:D9:45:61",FAIR
"d8:9c:8e:00:22:a1","58:96:30:3F:C9:6A",FAIR
"d8:9c:8e:00:22:a6","B8:A5:35:A6:2F:AE",POOR
"d8:9c:8e:00:22:b5","1C:9D:72:27:4D:E4",POOR
"d8:9c:8e:00:22:c4","64:67:72:8F:68:E9",POOR
"d8:9c:8e:00:22:d8","C4:50:9C:49:CC:E4",POOR
"d8:9c:8e:00:22:e7","3C:2D:9E:EA:F4:3C",GOOD
"d8:9c:8e:00:22:f6","58:96:30:3F:C5:F8",GOOD
"d8:9c:8e:00:23:1e","C0:94:35:BC:A4:E0",GOOD
"d8:9c:8e:00:23:23","C4:4F:D5:47:B5:5C",FAIR
"d8:9c:8e:00:23:28","C0:94:35:19:2C:65",POOR
"d8:9c:8e:00:23:2d","AC:DB:48:89:1E:C3",FAIR
"d8:9c:8e:00:23:5a","AC:4C:A5:44:D7:2E",POOR
"d8:9c:8e:00:23:6e","1C:9E:CC:21:BC:AC",POOR
"d8:9c:8e:00:23:73","94:F7:BE:8A:22:13",POOR
"d8:9c:8e:00:23:82","64:67:72:8F:6D:96",POOR
"d8:9c:8e:00:23:8c","E0:DB:D1:2E:FC:E3",POOR
"d8:9c:8e:00:23:91","D4:E2:CB:9F:4C:8C",POOR
"d8:9c:8e:00:23:aa","5C:7D:7D:51:52:C4",FAIR
"d8:9c:8e:00:23:be","80:DA:C2:23:83:B8",POOR
"d8:9c:8e:00:23:cd","A8:70:5D:EC:93:69",FAIR
"d8:9c:8e:00:23:d2","AC:DB:48:04:C5:A9",POOR
"d8:9c:8e:00:24:04","3C:82:C0:07:94:BC",POOR
"d8:9c:8e:00:24:1d","70:13:01:F9:7D:D4",GOOD
"d8:9c:8e:00:24:27","48:4B:D4:67:51:27",GOOD
"d8:9c:8e:00:24:36","B8:5E:71:35:66:59",FAIR
"d8:9c:8e:00:24:3b","1C:9E:CC:21:A2:DC",POOR
"d8:9c:8e:00:24:4a","0C:FE:7B:7E:FA:E4",POOR
"d8:9c:8e:00:24:4f","1C:9E:CC:21:8C:24",EXCELLENT
"d8:9c:8e:00:24:59","5C:22:DA:3D:05:57",POOR
"d8:9c:8e:00:24:5e","3C:2D:9E:4D:61:D2",FAIR
"d8:9c:8e:00:24:7c","B8:5E:71:3E:0A:B9",EXCELLENT
"d8:9c:8e:00:24:86","58:96:30:90:A2:E1",FAIR
"d8:9c:8e:00:24:8b","98:9D:5D:D1:16:B4",FAIR
"d8:9c:8e:00:24:95","B8:A5:35:A5:F2:16",GOOD
"d8:9c:8e:00:24:a4","5C:22:DA:3C:C2:F3",FAIR
"d8:9c:8e:00:24:a9","5C:22:DA:FC:18:84",FAIR
"d8:9c:8e:00:24:ae","58:96:30:3F:A0:74",GOOD
"d8:9c:8e:00:24:b8","1C:9E:CC:21:C0:C4",POOR
"d8:9c:8e:00:24:bd","64:67:72:8F:41:12",POOR
"d8:9c:8e:00:24:cc","AC:4C:A5:49:DD:13",POOR
"d8:9c:8e:00:24:d1","0C:FE:7B:C2:42:FC",GOOD
"d8:9c:8e:00:24:db","80:DA:C2:25:9B:30",POOR
"d8:9c:8e:00:24:ea","F8:5E:42:B3:2A:2A",POOR
"d8:9c:8e:00:24:ef","1C:9E:CC:21:B3:2C",POOR
"d8:9c:8e:00:24:f4","5C:7D:7D:2C:E0:43",FAIR
"d8:9c:8e:00:24:fe","AC:DB:48:83:6F:8A",POOR
"d8:9c:8e:00:25:0d","40:75:C3:F7:84:CC",FAIR
"d8:9c:8e:00:25:12","F8:D0:0E:A5:AE:44",FAIR
"d8:9c:8e:00:25:17","1C:9E:CC:21:B3:04",FAIR
"d8:9c:8e:00:25:2b","B8:A5:35:9A:80:1E",FAIR
"d8:9c:8e:00:25:c6","88:9E:68:E1:FC:CC",FAIR
"d8:9c:8e:00:26:b1","48:BD:CE:4C:9C:57",FAIR
"d8:9c:8e:00:27:2e","B8:5E:71:5C:54:D6",GOOD
"d8:9c:8e:00:27:38","48:4B:D4:5E:41:10",POOR
"d8:9c:8e:00:27:e2","10:36:AA:F8:5B:14",POOR
"d8:9c:8e:00:28:0a","1C:9E:CC:21:A4:7C",FAIR
"d8:9c:8e:00:28:14","5C:22:DA:3C:DD:17",GOOD
"d8:9c:8e:00:28:32","58:96:30:3F:CC:9D",EXCELLENT
"d8:9c:8e:00:28:41","1C:9E:CC:25:A8:A6",EXCELLENT
"d8:9c:8e:00:28:55","3C:82:C0:07:E3:BC",POOR
"d8:9c:8e:00:28:64","40:75:C3:41:D0:9C",FAIR
"d8:9c:8e:00:28:69","AC:4C:A5:B2:DD:20",EXCELLENT
"d8:9c:8e:00:28:73","B8:5E:71:F3:09:74",FAIR
"d8:9c:8e:00:28:dc","AC:4C:A5:A9:20:F0",POOR
"d8:9c:8e:00:29:7c","3C:82:C0:09:F6:3C",POOR
"d8:9c:8e:00:29:86","C4:50:9C:1C:49:94",POOR
"d8:9c:8e:00:29:8b","5C:22:DA:3C:C1:A3",POOR
"d8:9c:8e:00:29:90","A8:70:5D:4C:05:DF",POOR
"d8:9c:8e:00:29:95","80:DA:C2:DC:13:91",FAIR
"d8:9c:8e:00:29:a9","8C:6A:8D:49:E7:24",GOOD
"d8:9c:8e:00:29:bd","E8:CD:15:BA:B1:2C",GOOD
"d8:9c:8e:00:29:c2","D4:E2:CB:D5:2B:70",EXCELLENT
"d8:9c:8e:00:29:ea","E8:CD:15:00:5F:44",FAIR
"d8:9c:8e:00:2a:ad","50:BB:9F:93:47:3C",POOR
"d8:9c:8e:00:2a:bc","1C:9E:CC:21:A3:B4",FAIR
"d8:9c:8e:00:2a:cb","C4:50:9C:DE:4E:54",FAIR
"d8:9c:8e:00:2a:d5","AC:DB:48:6D:04:A2",FAIR
"d8:9c:8e:00:2a:e4","AC:DB:48:6E:EE:0C",POOR
"d8:9c:8e:00:2a:fd","A8:70:5D:57:E5:BD",GOOD
"d8:9c:8e:00:2b:34","64:67:72:8F:6F:6B",POOR
"d8:9c:8e:00:2b:39","3C:2D:9E:85:9C:54",FAIR
"d8:9c:8e:00:2b:6b","64:67:72:8F:65:D2",FAIR
"d8:9c:8e:00:2b:75","8C:6A:8D:46:FD:CE",FAIR
"d8:9c:8e:00:2b:8e","C0:94:35:1F:D1:C9",EXCELLENT
"d8:9c:8e:00:2c:10","5C:22:DA:3C:F3:9F",FAIR
"d8:9c:8e:00:2c:15","AC:DB:48:F8:86:96",EXCELLENT
"d8:9c:8e:00:2c:24","C0:94:35:D5:97:3C",EXCELLENT
"d8:9c:8e:00:2c:29","1C:9D:72:C3:F1:48",POOR
"d8:9c:8e:00:2c:51","5C:22:DA:3D:04:AF",FAIR
"d8:9c:8e:00:2c:65","1C:9E:CC:07:66:71",POOR
"d8:9c:8e:00:2c:6a","10:A7:93:05:A5:58",EXCELLENT
"d8:9c:8e:00:2c:6f","48:4B:D4:54:69:56",POOR
"d8:9c:8e:00:2c:74","F8:5E:42:E8:3C:44",POOR
"d8:9c:8e:00:2c:88","64:67:72:8F:60:3E",POOR
"d8:9c:8e:00:2c:92","70:13:01:66:B8:1C",POOR
"d8:9c:8e:00:2c:b0","64:67:72:8F:5A:72",POOR
"d8:9c:8e:00:2c:d3","1C:9E:CC:21:BE:1C",POOR
"d8:9c:8e:00:2c:e7","40:75:C3:E7:CD:E4",POOR
"d8:9c:8e:00:2c:ec","A0:FF:70:FE:07:43",POOR
"d8:9c:8e:00:2c:fb","08:A7:C0:3D:0E:F2",POOR
"d8:9c:8e:00:2d:0f","1C:9D:72:FD:F2:4C",FAIR
"d8:9c:8e:00:2d:2d","E0:DB:D1:E9:B1:E4",POOR
"d8:9c:8e:00:2d:46","D4:E2:CB:9D:D6:DC",EXCELLENT
"d8:9c:8e:00:2d:4b","64:67:72:8F:6D:2D",POOR
"d8:9c:8e:00:2d:7d","98:9D:5D:88:03:3F",GOOD
"d8:9c:8e:00:2d:87","00:CB:7A:C7:4D:D8",UNAVAILABLE
"d8:9c:8e:00:2d:9b","58:96:30:3F:BD:85",POOR
"d8:9c:8e:00:2d:b9","5C:22:DA:3C:EE:27",GOOD
"d8:9c:8e:00:2d:d7","F8:79:0A:3C:A3:0B",FAIR
"d8:9c:8e:00:2d:eb","1C:9E:CC:21:94:D4",EXCELLENT
"d8:9c:8e:00:2d:f0","D4:E2:CB:D1:49:A0",POOR
"d8:9c:8e:00:2d:ff","C4:50:9C:83:67:CC",POOR
"d8:9c:8e:00:2e:04","1C:9E:CC:21:A7:7C",POOR
"d8:9c:8e:00:2e:36","10:36:AA:67:E0:6C",FAIR
"d8:9c:8e:00:2e:54","64:67:72:AF:18:97",FAIR
"d8:9c:8e:00:2e:63","1C:9E:CC:21:B8:84",POOR
"d8:9c:8e:00:2e:77","58:96:30:3F:BE:7A",GOOD
"d8:9c:8e:00:2e:8b","5C:22:DA:3C:E4:4F",POOR
"d8:9c:8e:00:2e:95","70:13:01:C6:2B:EC",FAIR
"d8:9c:8e:00:2e:a9","80:DA:C2:95:6C:4C",POOR
"d8:9c:8e:00:2e:bd","80:DA:C2:F2:4D:80",POOR
"d8:9c:8e:00:2e:e0","64:67:72:8F:61:9C",POOR
"d8:9c:8e:00:2e:f9","E4:BF:FA:B8:96:6B",EXCELLENT
"d8:9c:8e:00:2f:1c","64:67:72:8F:68:79",POOR
"d8:9c:8e:00:2f:26","5C:22:DA:3C:CB:B3",FAIR
"d8:9c:8e:00:2f:4e","3C:82:C0:04:40:2C",GOOD
"d8:9c:8e:00:2f:6c","AC:4C:A5:AA:A7:B8",POOR
"d8:9c:8e:00:2f:7b","64:67:72:8F:5B:D0",GOOD
"d8:9c:8e:00:2f:99","3C:82:C0:03:EF:CC",POOR
"d8:9c:8e:00:2f:a3","1C:9E:CC:21:A8:DC",FAIR
"d8:9c:8e:00:2f:ad","80:DA:C2:80:88:FC",POOR
"d8:9c:8e:00:2f:bc","A8:70:5D:D7:56:04",GOOD
"d8:9c:8e:00:2f:c1","C4:4F:D5:85:4E:14",POOR
"d8:9c:8e:00:2f:cb","88:9E:68:E1:DB:3F",POOR
"d8:9c:8e:00:2f:e9","64:67:72:8F:6B:BA",GOOD
"d8:9c:8e:00:2f:fd","40:75:C3:EF:34:34",GOOD
"d8:9c:8e:00:30:0c","A0:FF:70:CF:A9:4E",GOOD
"d8:9c:8e:00:30:16","64:67:72:8F:59:0D",FAIR
"d8:9c:8e:00:30:1b","F8:D0:0E:D3:98:FC",FAIR
"d8:9c:8e:00:30:34","D4:E2:CB:DC:0D:F0",FAIR
"d8:9c:8e:00:30:43","A8:70:5D:48:C5:23",POOR
"d8:9c:8e:00:30:a2","AC:4C:A5:3B:60:DA",FAIR
"d8:9c:8e:00:30:ac","08:7E:64:FD:FB:E7",FAIR
"d8:9c:8e:00:30:e3","1C:9E:CC:21:AB:2C",POOR
"d8:9c:8e:00:30:e8","40:75:C3:46:47:74",FAIR
"d8:9c:8e:00:30:f2","70:13:01:06:16:F0",FAIR
"d8:9c:8e:00:31:01","1C:9E:CC:21:B0:D4",FAIR
"d8:9c:8e:00:31:0b","80:DA:C2:89:3B:A4",GOOD
"d8:9c:8e:00:31:1f","94:04:E3:AB:82:F0",FAIR
"d8:9c:8e:00:31:29","1C:9E:CC:21:B7:6C",POOR
"d8:9c:8e:00:31:4c","64:67:72:8F:60:29",POOR
"d8:9c:8e:00:31:5b","1C:9E:CC:18:5B:66",POOR
"d8:9c:8e:00:31:60","70:13:01:64:DA:EC",POOR
"d8:9c:8e:00:31:6a","40:75:C3:4F:C8:24",POOR
"d8:9c:8e:00:31:79","80:DA:C2:24:11:38",FAIR
"d8:9c:8e:00:31:7e","B8:A5:35:9E:A2:96",FAIR
"d8:9c:8e:00:31:9c","40:75:C3:D8:44:DA",GOOD
"d8:9c:8e:00:31:a6","3C:2D:9E:4B:89:7A",FAIR
"d8:9c:8e:00:31:b0","AC:DB:48:F4:17:02",FAIR
"d8:9c:8e:00:31:ba","64:67:72:8F:6D:03",POOR
"d8:9c:8e:00:31:c4","F8:5E:42:F4:98:44",FAIR
"d8:9c:8e:00:31:dd","AC:4C:A5:AE:F4:08",POOR
"d8:9c:8e:00:31:e7","1C:9E:CC:21:BB:FC",GOOD
"d8:9c:8e:00:31:ec","3C:82:C0:F9:71:54",GOOD
"d8:9c:8e:00:31:fb","AC:4C:A5:AE:C0:B8",FAIR
"d8:9c:8e:00:32:14","1C:9E:CC:21:C0:E4",POOR
"d8:9c:8e:00:32:23","F8:5E:42:4D:F3:A9",EXCELLENT
"d8:9c:8e:00:32:32","80:DA:C2:0A:3F:EF",POOR
"d8:9c:8e:00:32:3c","C4:50:9C:1F:8F:74",POOR
"d8:9c:8e:00:32:46","B8:5E:71:F9:AD:4C",POOR
"d8:9c:8e:00:32:50","AC:4C:A5:4F:6E:D5",POOR
"d8:9c:8e:00:32:5a","58:96:30:3F:C1:C2",EXCELLENT
"d8:9c:8e:00:32:64","D4:E2:CB:D4:F7:68",FAIR
"d8:9c:8e:00:32:73","C4:50:9C:FC:71:D4",GOOD
"d8:9c:8e:00:32:7d","0C:FE:7B:2E:AC:24",POOR
"d8:9c:8e:00:32:cd","80:DA:C2:91:3D:1C",GOOD
"d8:9c:8e:00:32:e1","1C:9E:CC:21:BC:4C",POOR
"d8:9c:8e:00:32:fa","80:DA:C2:23:55:80",FAIR
"d8:9c:8e:00:32:ff","1C:9E:CC:21:AB:D4",FAIR
"d8:9c:8e:00:33:13","1C:9E:CC:21:81:4C",GOOD
"d8:9c:8e:00:33:18","5C:22:DA:3C:D9:27",GOOD
"d8:9c:8e:00:33:22","D4:E2:CB:D6:7C:E0",POOR
"d8:9c:8e:00:33:2c","40:0F:C1:40:9E:FE",POOR
"d8:9c:8e:00:33:36","5C:22:DA:3C:DE:F3",POOR
"d8:9c:8e:00:33:40","98:9D:5D:CF:30:7A",GOOD
"d8:9c:8e:00:33:4f","3C:82:C0:09:C2:DC",GOOD
"d8:9c:8e:00:33:59","1C:9E:CC:21:B1:CC",FAIR
"d8:9c:8e:00:33:5e","58:96:30:90:AD:0D",POOR
"d8:9c:8e:00:33:6d","5C:7D:7D:20:2D:2C",FAIR
"d8:9c:8e:00:33:77","8C:6A:8D:F9:6F:2B",POOR
"d8:9c:8e:00:33:86","5C:22:DA:3D:06:A7",FAIR
"d8:9c:8e:00:33:8b","A8:70:5D:B9:6B:4A",GOOD
"d8:9c:8e:00:33:9a","5C:7D:7D:2A:1E:46",GOOD
"d8:9c:8e:00:33:a4","5C:22:DA:3D:04:5B",FAIR
"d8:9c:8e:00:33:b3","1C:93:7C:5A:FC:A9",POOR
"d8:9c:8e:00:33:b8","5C:22:DA:3D:0E:6B",POOR
"d8:9c:8e:00:33:c2","80:DA:C2:12:D3:FE",EXCELLENT
"d8:9c:8e:00:33:f4","64:67:72:8F:70:75",FAIR
"d8:9c:8e:00:33:fe","98:9D:5D:5F:56:EF",FAIR
"d8:9c:8e:00:34:0d","C4:50:9C:0D:D9:B8",EXCELLENT
"d8:9c:8e:00:34:12","1C:9E:CC:21:A6:64",POOR
"d8:9c:8e:00:34:26","1C:9E:CC:21:A7:1C",FAIR
"d8:9c:8e:00:34:2b","5C:22:DA:3D:01:9F",GOOD
"d8:9c:8e:00:34:3f","1C:9E:CC:0C:BB:55",GOOD
"d8:9c:8e:00:34:44","64:67:72:8F:5D:90",POOR
"d8:9c:8e:00:34:49","1C:9D:72:D2:84:12",POOR
"d8:9c:8e:00:34:4e","64:67:72:8F:47:86",FAIR
"d8:9c:8e:00:34:58","1C:9E:CC:21:B2:14",POOR
"d8:9c:8e:00:34:85","E4:BF:FA:85:3E:BC",POOR
"d8:9c:8e:00:34:8a","A8:70:5D:E2:B2:BE",POOR
"d8:9c:8e:00:34:99","38:3F:B3:15:68:01",POOR
"d8:9c:8e:00:34:9e","80:DA:C2:7A:1C:AC",POOR
"d8:9c:8e:00:34:a3","00:CB:7A:CB:AE:C8",FAIR
"d8:9c:8e:00:34:b7","C4:50:9C:F9:16:A4",POOR
"d8:9c:8e:00:34:bc","B8:5E:71:F3:F3:C4",GOOD
"d8:9c:8e:00:34:d0","F4:C1:14:F9:70:D0",FAIR
"d8:9c:8e:00:34:df","70:13:01:F2:F6:B4",GOOD
"d8:9c:8e:00:35:2f","58:96:30:3F:CC:65",POOR
"d8:9c:8e:00:35:3e","1C:9E:CC:21:AD:0C",FAIR
"d8:9c:8e:00:35:5c","48:BD:CE:83:1D:A4",POOR
"d8:9c:8e:00:35:70","5C:22:DA:3C:9B:5B",FAIR
"d8:9c:8e:00:35:84","1C:9E:CC:21:A4:44",POOR
"d8:9c:8e:00:35:93","1C:9E:CC:21:94:CC",FAIR
"d8:9c:8e:00:35:b1","00:CB:7A:CC:21:78",FAIR
"d8:9c:8e:00:35:b6","80:DA:C2:8E:97:C4",GOOD
"d8:9c:8e:00:35:bb","64:67:72:8F:5C:DA",FAIR
"d8:9c:8e:00:35:ca","1C:9E:CC:21:BE:2C",POOR
"d8:9c:8e:00:35:d4","64:67:72:AD:E8:95",GOOD
"d8:9c:8e:00:35:de","5C:22:DA:3D:05:8F",FAIR
"d8:9c:8e:00:35:f2","5C:22:DA:3D:00:BF",FAIR
"d8:9c:8e:00:35:fc","C4:50:9C:72:C9:FC",EXCELLENT
"d8:9c:8e:00:38:f4","B8:5E:71:42:FC:69",FAIR
"d8:9c:8e:00:39:0d","B8:5E:71:3E:4D:39",POOR
"d8:9c:8e:00:39:12","B8:A5:35:9C:0A:BE",FAIR
"d8:9c:8e:00:39:3a","F8:5E:42:3E:11:AC",FAIR
"d8:9c:8e:00:39:4e","A8:70:5D:69:89:06",FAIR
"d8:9c:8e:00:39:71","10:A7:93:0D:C9:C0",POOR
"d8:9c:8e:00:39:8a","0C:FE:7B:D2:02:6C",POOR
"d8:9c:8e:00:39:8f","C4:4F:D5:F5:05:8C",GOOD
"d8:9c:8e:00:39:94","0C:FE:7B:7F:1D:AC",FAIR
"d8:9c:8e:00:39:99","F4:C1:14:F9:FD:16",EXCELLENT
"d8:9c:8e:00:39:a8","E0:DB:D1:E5:79:1A",GOOD
"d8:9c:8e:00:39:b7","00:CB:7A:C7:49:C0",POOR
"d8:9c:8e:00:39:d5","40:75:C3:ED:C7:14",POOR
"d8:9c:8e:00:39:da","40:75:C3:F9:08:DC",FAIR
"d8:9c:8e:00:39:df","5C:7D:7D:F2:DC:9D",FAIR
"d8:9c:8e:00:39:e9","80:DA:C2:90:81:64",FAIR
"d8:9c:8e:00:39:f3","10:A7:93:07:B0:20",FAIR
"d8:9c:8e:00:3a:02","0C:FE:7B:A4:09:64",POOR
"d8:9c:8e:00:3a:07","D4:6C:6D:80:E9:C0",FAIR
"d8:9c:8e:00:3a:1b","94:04:E3:E9:7C:74",POOR
"d8:9c:8e:00:3a:20","B8:5E:71:49:62:21",FAIR
"d8:9c:8e:00:3a:25","40:75:C3:02:CD:B0",GOOD
"d8:9c:8e:00:3a:2f","00:CB:7A:C5:CF:18",GOOD
"d8:9c:8e:00:3a:34","94:04:E3:8B:23:EC",POOR
"d8:9c:8e:00:3a:4d","40:0F:C1:89:F0:2B",FAIR
"d8:9c:8e:00:3a:70","C4:4F:D5:CB:5B:EC",POOR
"d8:9c:8e:00:3a:89","A8:70:5D:68:63:13",POOR
"d8:9c:8e:00:3a:8e","8C:76:3F:1B:36:2A",FAIR
"d8:9c:8e:00:3a:a2","B8:A5:35:9C:07:A6",POOR
"d8:9c:8e:00:3a:a7","40:75:C3:07:5C:CA",POOR
"d8:9c:8e:00:3a:b6","F8:D0:0E:60:DC:84",POOR
"d8:9c:8e:00:3a:c0","10:36:AA:24:7F:78",GOOD
"d8:9c:8e:00:3a:d9","3C:2D:9E:E5:FD:1C",FAIR
"d8:9c:8e:00:3b:10","F8:D0:0E:A9:3B:64",FAIR
"d8:9c:8e:00:3b:1f","10:36:AA:F2:92:0C",POOR
"d8:9c:8e:00:3b:24","E4:BF:FA:7A:3C:39",POOR
"d8:9c:8e:00:3b:3d","D4:E2:CB:ED:14:F1",FAIR
"d8:9c:8e:00:3b:51","80:DA:C2:91:C3:F4",POOR
"d8:9c:8e:00:3b:60","10:36:AA:C2:A2:E4",FAIR
"d8:9c:8e:00:3b:65","40:0F:C1:FD:E4:EC",GOOD
"d8:9c:8e:00:3b:6f","80:DA:C2:F3:E1:10",GOOD
"d8:9c:8e:00:3b:9c","B8:5E:71:45:89:09",POOR
"d8:9c:8e:00:3b:a1","88:9E:68:6D:94:8F",POOR
"d8:9c:8e:00:3b:a6","B8:A5:35:9A:75:36",EXCELLENT
"d8:9c:8e:00:3b:bf","80:DA:C2:EB:F8:C8",EXCELLENT
"d8:9c:8e:00:3b:c4","CC:F3:C8:C5:01:EC",POOR
"d8:9c:8e:00:3b:e2","0C:FE:7B:34:1C:9C",POOR
"d8:9c:8e:00:3b:e7","B8:5E:71:FE:5A:C4",FAIR
"d8:9c:8e:00:3c:00","5C:7D:7D:7B:34:2E",FAIR
"d8:9c:8e:00:3c:05","B8:5E:71:49:09:29",GOOD
"d8:9c:8e:00:3c:0a","48:BD:CE:86:9F:34",POOR
"d8:9c:8e:00:3c:32","3C:2D:9E:8E:5A:70",POOR
"d8:9c:8e:00:3c:64","B8:5E:71:FE:29:8C",FAIR
"d8:9c:8e:00:3c:69","40:75:C3:E8:86:1C",POOR
"d8:9c:8e:00:3c:87","B8:5E:71:FC:59:8C",FAIR
"d8:9c:8e:00:3c:9b","F8:D0:0E:73:27:3C",FAIR
"d8:9c:8e:00:3c:b9","AC:DB:48:0A:BB:4B",POOR
"d8:9c:8e:00:3c:c3","8C:76:3F:28:2C:4C",FAIR
"d8:9c:8e:00:3c:d7","B8:5E:71:F8:AA:64",FAIR
"d8:9c:8e:00:3c:dc","00:CB:7A:C4:07:08",EXCELLENT
"d8:9c:8e:00:3c:fa","F8:D2:AC:03:6A:90",EXCELLENT
"d8:9c:8e:00:3c:ff","F8:D0:0E:A9:10:04",POOR
"d8:9c:8e:00:3d:27","40:0F:C1:47:C4:0E",POOR
"d8:9c:8e:00:3d:36","48:BD:CE:EB:FD:72",EXCELLENT
"d8:9c:8e:00:3d:3b","48:BD:CE:85:F0:BC",POOR
"d8:9c:8e:00:3d:45","1C:9E:CC:D8:5E:C3",FAIR
"d8:9c:8e:00:3d:63","B8:5E:71:45:C5:D1",POOR
"d8:9c:8e:00:3d:68","1C:9D:72:D7:49:4C",GOOD
"d8:9c:8e:00:3d:6d","D4:E2:CB:D5:6A:50",FAIR
"d8:9c:8e:00:3d:9f","D4:E2:CB:9D:86:64",GOOD
"d8:9c:8e:00:3d:e0","F8:D0:0E:9F:90:CC",POOR
"d8:9c:8e:00:3d:f9","5C:7D:7D:7A:91:C9",EXCELLENT
"d8:9c:8e:00:3e:21","80:DA:C2:1E:37:B0",POOR
"d8:9c:8e:00:3e:67","94:04:E3:A2:D0:70",EXCELLENT
"d8:9c:8e:00:3e:71","AC:4C:A5:4D:4D:4C",FAIR
"d8:9c:8e:00:3e:9e","F8:D0:0E:A9:6E:CC",FAIR
"d8:9c:8e:00:3e:a3","B8:5E:71:59:23:C0",GOOD
"d8:9c:8e:00:3e:ad","CC:F3:C8:C1:E7:14",POOR
"d8:9c:8e:00:3e:c1","8C:6A:8D:4D:11:72",POOR
"d8:9c:8e:00:3e:c6","D4:6C:6D:66:87:28",GOOD
"d8:9c:8e:00:3e:df","1C:9E:CC:4C:66:ED",EXCELLENT
"d8:9c:8e:00:3e:e4","B8:5E:71:51:EC:61",GOOD
"d8:9c:8e:00:3f:02","F8:79:0A:58:4D:7F",FAIR
"d8:9c:8e:00:3f:2a","1C:9D:72:3A:83:FE",FAIR
"d8:9c:8e:00:3f:57","64:67:72:AE:00:C1",FAIR
"d8:9c:8e:00:3f:7a","B8:A5:35:92:61:1E",FAIR
"d8:9c:8e:00:3f:89","1C:9D:72:2F:33:40",EXCELLENT
"d8:9c:8e:00:3f:93","B8:A5:35:9E:C3:B6",FAIR
"d8:9c:8e:00:3f:98","D4:6C:6D:FB:CB:90",POOR
"d8:9c:8e:00:3f:a7","64:67:72:AE:87:50",POOR
"d8:9c:8e:00:3f:b1","0C:FE:7B:27:C3:34",UNAVAILABLE
"d8:9c:8e:00:3f:d4","B8:5E:71:48:18:49",GOOD
"d8:9c:8e:00:3f:de","C4:50:9C:FD:EE:64",GOOD
"d8:9c:8e:00:3f:e3","94:04:E3:88:39:5C",FAIR
"d8:9c:8e:00:40:4c","40:75:C3:FB:46:14",EXCELLENT
"d8:9c:8e:00:40:56","F8:5E:42:4D:19:6E",FAIR
"d8:9c:8e:00:40:60","D4:6C:6D:CF:87:CF",POOR
"d8:9c:8e:00:40:7e","94:04:E3:A4:D8:88",POOR
"d8:9c:8e:00:40:a6","40:75:C3:E6:AA:34",POOR
"d8:9c:8e:00:40:ce","F8:D0:0E:A9:20:2C",FAIR
"d8:9c:8e:00:40:e2","10:36:AA:7D:2A:74",FAIR
"d8:9c:8e:00:40:e7","B8:5E:71:33:51:69",GOOD
"d8:9c:8e:00:40:f6","40:75:C3:F8:9B:F4",POOR
"d8:9c:8e:00:41:19","40:75:C3:FB:23:AC",FAIR
"d8:9c:8e:00:41:32","80:DA:C2:DE:61:7B",FAIR
"d8:9c:8e:00:41:46","00:CB:7A:05:3A:50",GOOD
"d8:9c:8e:00:41:50","48:BD:CE:85:E9:7C",FAIR
"d8:9c:8e:00:41:64","B8:A5:35:A2:B9:3E",POOR
"d8:9c:8e:00:41:6e","40:0F:C1:4B:3E:A6",FAIR
"d8:9c:8e:00:41:78","70:13:01:69:85:C4",FAIR
"d8:9c:8e:00:41:8c","40:75:C3:F1:B8:E4",EXCELLENT
"d8:9c:8e:00:41:a0","B8:A5:35:91:EE:9E",GOOD
"d8:9c:8e:00:41:a5","40:0F:C1:C2:03:F4",POOR
"d8:9c:8e:00:41:b4","B8:5E:71:FD:9A:5C",EXCELLENT
"d8:9c:8e:00:41:be","E0:DB:D1:1F:58:18",FAIR
"d8:9c:8e:00:41:d7","10:A7:93:0C:EC:B8",GOOD
"d8:9c:8e:00:41:f5","80:DA:C2:1C:E9:00",POOR
"d8:9c:8e:00:41:ff","94:04:E3:E6:5F:7C",FAIR
"d8:9c:8e:00:42:13","B8:5E:71:FA:24:34",FAIR
"d8:9c:8e:00:42:22","B8:5E:71:F2:66:4C",POOR
"d8:9c:8e:00:42:27","F8:D0:0E:A9:7D:74",GOOD
"d8:9c:8e:00:42:72","A0:FF:70:FD:64:6E",POOR
"d8:9c:8e:00:42:7c","F8:D0:0E:F7:47:34",EXCELLENT
"d8:9c:8e:00:42:86","E4:BF:FA:BF:3D:B7",POOR
"d8:9c:8e:00:42:9f","AC:DB:48:CF:18:39",POOR
"d8:9c:8e:00:42:bd","C4:50:9C:F7:F4:EC",FAIR
"d8:9c:8e:00:42:d6","40:75:C3:F2:6E:0C",POOR
"d8:9c:8e:00:42:db","48:BD:CE:82:46:8C",GOOD
"d8:9c:8e:00:42:e5","C4:50:9C:8D:B7:BC",POOR
"d8:9c:8e:00:42:ef","F8:D2:AC:02:47:50",GOOD
"d8:9c:8e:00:42:fe","48:4B:D4:56:F4:1E",POOR
"d8:9c:8e:00:43:17","CC:F3:C8:6E:F5:EC",POOR
"d8:9c:8e:00:43:3f","0C:FE:7B:A2:AB:2C",EXCELLENT
"d8:9c:8e:00:43:44","94:04:E3:8A:BD:14",POOR
"d8:9c:8e:00:43:76","0C:FE:7B:77:78:B4",POOR
"d8:9c:8e:00:43:8a","80:DA:C2:EA:FE:18",POOR
"d8:9c:8e:00:43:94","94:04:E3:9C:A6:44",FAIR
"d8:9c:8e:00:43:a3","80:DA:C2:92:E4:9C",FAIR
"d8:9c:8e:00:43:e9","B8:5E:71:33:D8:09",FAIR
"d8:9c:8e:00:43:f3","F8:5E:42:AB:2F:03",FAIR
"d8:9c:8e:00:43:f8","B8:A5:35:9A:5B:46",POOR
"d8:9c:8e:00:44:0c","08:A7:C0:2B:A6:9E",FAIR
"d8:9c:8e:00:44:11","C0:94:35:4C:BC:45",POOR
"d8:9c:8e:00:44:20","CC:F3:C8:C3:BA:C4",FAIR
"d8:9c:8e:00:44:34","B8:5E:71:24:FD:72",FAIR
"d8:9c:8e:00:44:57","F8:D2:AC:AE:D4:B5",FAIR
"d8:9c:8e:00:44:66","CC:F3:C8:73:2A:64",POOR
"d8:9c:8e:00:44:6b","F8:5E:42:F5:BE:A6",GOOD
"d8:9c:8e:00:44:70","80:DA:C2:F2:7F:98",FAIR
"d8:9c:8e:00:44:7f","B8:5E:71:59:DB:17",FAIR
"d8:9c:8e:00:44:93","F8:D2:AC:02:3C:D8",POOR
"d8:9c:8e:00:44:ac","40:75:C3:3E:A2:0C",POOR
"d8:9c:8e:00:44:c0","70:13:01:83:E0:AC",FAIR
"d8:9c:8e:00:44:ca","B8:5E:71:49:6B:69",FAIR
"d8:9c:8e:00:44:cf","C0:94:35:2E:28:EA",POOR
"d8:9c:8e:00:44:d4","B8:5E:71:1E:2D:7D",GOOD
"d8:9c:8e:00:44:de","3C:2D:9E:86:D1:14",GOOD
"d8:9c:8e:00:44:ed","C4:50:9C:94:37:34",GOOD
"d8:9c:8e:00:44:f2","A8:70:5D:6F:A3:A0",POOR
"d8:9c:8e:00:45:0b","B8:A5:35:A8:19:2E",POOR
"d8:9c:8e:00:45:1a","10:A7:93:06:6B:78",POOR
"d8:9c:8e:00:45:29","94:04:E3:81:48:AC",FAIR
"d8:9c:8e:00:45:38","B8:5E:71:37:83:F1",FAIR
"d8:9c:8e:00:45:42","94:04:E3:8B:1E:1C",GOOD
"d8:9c:8e:00:45:51","C4:4F:D5:F5:F9:2C",FAIR
"d8:9c:8e:00:45:6a","80:DA:C2:8A:A7:54",EXCELLENT
"d8:9c:8e:00:45:74","F8:D2:AC:02:62:E0",GOOD
"d8:9c:8e:00:45:83","D4:E2:CB:9F:0C:C4",POOR
"d8:9c:8e:00:45:a6","48:BD:CE:80:DF:4C",FAIR
"d8:9c:8e:00:45:bf","AC:DB:48:13:FE:65",POOR
"d8:9c:8e:00:45:d3","CC:F3:C8:C2:03:F4",POOR
"d8:9c:8e:00:45:dd","A8:70:5D:A3:E6:D6",FAIR
"d8:9c:8e:00:45:f1","B8:5E:71:53:F2:DF",POOR
"d8:9c:8e:00:46:05","94:F7:BE:8B:FF:B0",GOOD
"d8:9c:8e:00:46:2d","B8:A5:35:96:F9:26",FAIR
"d8:9c:8e:00:46:32","B8:5E:71:F8:D3:CC",POOR
"d8:9c:8e:00:46:37","98:9D:5D:87:A8:FC",GOOD
"d8:9c:8e:00:46:41","EC:A8:1F:FF:90:3C",EXCELLENT
"d8:9c:8e:00:46:50","B8:5E:71:39:D3:91",POOR
"d8:9c:8e:00:46:78","40:75:C3:35:3F:8C",GOOD
"d8:9c:8e:00:46:7d","40:0F:C1:8A:B8:FB",POOR
"d8:9c:8e:00:46:96","CC:F3:C8:6B:94:D4",FAIR
"d8:9c:8e:00:46:af","F8:D0:0E:E6:53:9C",FAIR
"d8:9c:8e:00:46:be","E4:BF:FA:83:8F:C5",GOOD
"d8:9c:8e:00:46:dc","B8:A5:35:96:E8:BE",POOR
"d8:9c:8e:00:46:e1","00:CB:7A:0B:58:EB",EXCELLENT
"d8:9c:8e:00:46:e6","80:DA:C2:7B:04:1C",FAIR
"d8:9c:8e:00:46:f5","C4:4F:D5:08:6F:A8",FAIR
"d8:9c:8e:00:47:0e","0C:FE:7B:30:89:4C",GOOD
"d8:9c:8e:00:47:2c","CC:F3:C8:C2:2B:94",FAIR
"d8:9c:8e:00:47:40","0C:FE:7B:64:B3:EC",FAIR
"d8:9c:8e:00:47:68","98:52:4A:FE:5F:0F",GOOD
"d8:9c:8e:00:47:6d","1C:9D:72:D9:F7:FB",POOR
"d8:9c:8e:00:47:86","A8:70:5D:D6:98:7B",POOR
"d8:9c:8e:00:47:a9","1C:93:7C:2D:A1:47",UNAVAILABLE
"d8:9c:8e:00:47:b8","80:DA:C2:7E:8C:C4",FAIR
"d8:9c:8e:00:47:bd","1C:9E:CC:D1:6E:3D",POOR
"d8:9c:8e:00:47:db","40:75:C3:4F:B8:4C",POOR
"d8:9c:8e:00:47:ea","3C:2D:9E:A9:BF:7C",POOR
"d8:9c:8e:00:48:03","70:13:01:46:33:D4",FAIR
"d8:9c:8e:00:48:08","0C:FE:7B:E2:CB:2C",POOR
"d8:9c:8e:00:48:21","C4:50:9C:86:4D:1C",FAIR
"d8:9c:8e:00:48:3a","E0:DB:D1:47:47:52",FAIR
"d8:9c:8e:00:48:44","D4:6C:6D:12:8C:65",POOR
"d8:9c:8e:00:48:53","C4:4F:D5:4D:24:84",POOR
"d8:9c:8e:00:48:58","B8:5E:71:4F:57:C8",FAIR
"d8:9c:8e:00:48:62","A0:FF:70:22:88:C3",EXCELLENT
"d8:9c:8e:00:48:94","B8:5E:71:FC:3A:DC",GOOD
"d8:9c:8e:00:48:ad","B8:5E:71:FA:30:F4",FAIR
"d8:9c:8e:00:48:d5","80:DA:C2:00:3C:05",FAIR
"d8:9c:8e:00:48:df","CC:F3:C8:C4:60:C4",POOR
"d8:9c:8e:00:48:e9","AC:DB:48:D3:A4:D9",FAIR
"d8:9c:8e:00:48:ee","0C:FE:7B:C0:E4:04",POOR
"d8:9c:8e:00:48:f3","94:04:E3:F9:AC:C2",GOOD
"d8:9c:8e:00:49:02","3C:82:C0:F4:9D:1E",GOOD
"d8:9c:8e:00:49:20","5C:7D:7D:32:EF:02",POOR
"d8:9c:8e:00:49:25","A8:70:5D:9A:60:B3",POOR
"d8:9c:8e:00:49:2f","80:DA:C2:FF:50:90",FAIR
"d8:9c:8e:00:49:34","C4:50:9C:2B:86:A4",POOR
"d8:9c:8e:00:49:39","3C:2D:9E:ED:E7:1C",POOR
"d8:9c:8e:00:49:43","C4:50:9C:94:C7:D4",POOR
"d8:9c:8e:00:49:4d","C4:4F:D5:DA:48:DC",FAIR
"d8:9c:8e:00:49:57","B8:A5:35:9A:B4:46",POOR
"d8:9c:8e:00:49:a2","F8:D2:AC:AE:DD:FA",FAIR
"d8:9c:8e:00:49:a7","CC:F3:C8:C4:8F:4C",FAIR
"d8:9c:8e:00:49:c0","0C:FE:7B:CB:02:4C",FAIR
"d8:9c:8e:00:49:d9","40:75:C3:45:0C:0C",FAIR
"d8:9c:8e:00:49:de","48:BD:CE:FB:E0:C4",POOR
"d8:9c:8e:00:49:ed","3C:2D:9E:EE:76:2C",EXCELLENT
"d8:9c:8e:00:49:fc","3C:82:C0:DF:47:7C",POOR
"d8:9c:8e:00:4a:01","94:04:E3:DF:39:E4",POOR
"d8:9c:8e:00:4a:06","0C:FE:7B:EE:F6:6C",POOR
"d8:9c:8e:00:4a:29","B8:5E:71:37:F3:89",POOR
"d8:9c:8e:00:4a:2e","B8:5E:71:2F:34:70",FAIR
"d8:9c:8e:00:4a:33","40:75:C3:F1:5C:A4",POOR
"d8:9c:8e:00:4a:56","5C:7D:7D:2A:93:E8",FAIR
"d8:9c:8e:00:4a:65","1C:9D:72:CE:25:CB",GOOD
"d8:9c:8e:00:4a:6a","10:A7:93:0A:71:A0",POOR
"d8:9c:8e:00:4a:6f","98:9D:5D:CF:52:0E",POOR
"d8:9c:8e:00:4a:74","E0:DB:D1:F6:4A:7C",POOR
"d8:9c:8e:00:4a:7e","AC:4C:A5:33:67:34",FAIR
"d8:9c:8e:00:4a:88","B8:A5:35:9B:25:AE",FAIR
"d8:9c:8e:00:4a:a1","C4:4F:D5:81:C5:FC",FAIR
"d8:9c:8e:00:4a:ba","D4:6C:6D:9A:40:ED",GOOD
"d8:9c:8e:00:4a:c4","C4:50:9C:54:41:B4",FAIR
"d8:9c:8e:00:4a:d3","70:13:01:16:84:D0",POOR
"d8:9c:8e:00:4a:d8","E0:DB:D1:E2:D2:75",POOR
"d8:9c:8e:00:4a:e2","D4:6C:6D:C7:47:1F",POOR
"d8:9c:8e:00:4a:f6","5C:7D:7D:30:DD:2B",FAIR
"d8:9c:8e:00:4b:41","10:A7:93:01:BD:60",POOR
"d8:9c:8e:00:4b:4b","CC:F3:C8:67:45:CC",FAIR
"d8:9c:8e:00:4b:73","40:75:C3:34:7E:D4",POOR
"d8:9c:8e:00:4b:82","B8:5E:71:37:48:49",FAIR
"d8:9c:8e:00:4b:91","AC:4C:A5:AA:A9:F0",POOR
"d8:9c:8e:00:4b:9b","48:BD:CE:82:E8:84",FAIR
"d8:9c:8e:00:4b:a0","B8:5E:71:FD:D7:2C",GOOD
"d8:9c:8e:00:4b:a5","80:DA:C2:8C:8A:0C",POOR
"d8:9c:8e:00:4b:aa","1C:93:7C:71:8C:B1",GOOD
"d8:9c:8e:00:4b:af","40:75:C3:00:DA:A0",POOR
"d8:9c:8e:00:4b:b9","CC:F3:C8:6A:E8:24",FAIR
"d8:9c:8e:00:4b:be","10:A7:93:07:1D:30",GOOD
"d8:9c:8e:00:4b:c8","40:0F:C1:47:B3:26",POOR
"d8:9c:8e:00:4b:e6","94:04:E3:82:6C:0C",FAIR
"d8:9c:8e:00:4b:ff","40:0F:C1:D0:27:9C",FAIR
"d8:9c:8e:00:4c:0e","C0:94:35:2C:1F:BF",POOR
"d8:9c:8e:00:4c:13","B8:5E:71:F7:A4:FC",FAIR
"d8:9c:8e:00:4c:22","C0:94:35:56:4A:BD",POOR
"d8:9c:8e:00:4c:2c","80:DA:C2:83:3D:74",FAIR
"d8:9c:8e:00:4c:31","AC:DB:48:75:9B:58",POOR
"d8:9c:8e:00:4c:4a","3C:82:C0:06:6F:AC",POOR
"d8:9c:8e:00:4c:4f","80:DA:C2:0C:35:02",POOR
"d8:9c:8e:00:4c:63","40:75:C3:3E:98:A4",FAIR
"d8:9c:8e:00:4c:7c","E0:DB:D1:46:2F:8A",GOOD
"d8:9c:8e:00:4c:ae","80:DA:C2:8A:74:2C",POOR
"d8:9c:8e:00:4c:bd","48:4B:D4:66:00:4E",FAIR
"d8:9c:8e:00:4c:c7","E0:DB:D1:49:0F:E1",FAIR
"d8:9c:8e:00:4c:d1","0C:FE:7B:31:C2:0C",FAIR
"d8:9c:8e:00:4c:db","F4:C1:14:B5:46:BB",POOR
"d8:9c:8e:00:4d:08","48:BD:CE:DD:7F:D4",POOR
"d8:9c:8e:00:4d:35","3C:2D:9E:B5:D1:6C",FAIR
"d8:9c:8e:00:4d:3a","40:0F:C1:8C:61:F3",FAIR
"d8:9c:8e:00:4d:53","B8:5E:71:5E:80:84",POOR
"d8:9c:8e:00:4d:76","3C:2D:9E:C8:7A:B4",EXCELLENT
"d8:9c:8e:00:4d:85","F8:79:0A:FC:27:25",FAIR
"d8:9c:8e:00:4d:8f","80:DA:C2:1B:50:D8",POOR
"d8:9c:8e:00:4d:bc","80:DA:C2:7D:7C:24",POOR
"d8:9c:8e:00:4d:c1","AC:DB:48:62:1C:D3",FAIR
"d8:9c:8e:00:4d:d0","C4:50:9C:1F:61:BC",POOR
"d8:9c:8e:00:4d:d5","B8:A5:35:93:17:3E",POOR
"d8:9c:8e:00:4d:da","1C:93:7C:71:39:76",EXCELLENT
"d8:9c:8e:00:4e:2a","80:DA:C2:2A:8D:B8",POOR
"d8:9c:8e:00:4e:2f","98:9D:5D:86:7E:80",GOOD
"d8:9c:8e:00:4e:39","48:BD:CE:0D:6F:9B",POOR
"d8:9c:8e:00:4e:43","5C:7D:7D:21:44:0D",POOR
"d8:9c:8e:00:4e:52","80:DA:C2:87:42:14",GOOD
"d8:9c:8e:00:4e:57","98:9D:5D:85:4B:D7",EXCELLENT
"d8:9c:8e:00:4e:5c","CC:F3:C8:6B:45:9C",FAIR
"d8:9c:8e:00:4e:66","80:DA:C2:88:B8:0C",POOR
"d8:9c:8e:00:4e:6b","C4:50:9C:FE:74:3C",POOR
"d8:9c:8e:00:4e:7a","94:04:E3:A3:58:A8",POOR
"d8:9c:8e:00:4e:93","CC:F3:C8:C0:BD:BC",POOR
"d8:9c:8e:00:4e:98","1C:9E:CC:1A:26:72",FAIR
"d8:9c:8e:00:4e:bb","F8:D2:AC:07:4E:A0",FAIR
"d8:9c:8e:00:4e:ca","C4:4F:D5:CA:C0:04",FAIR
"d8:9c:8e:00:4e:cf","F8:D0:0E:76:FA:DC",POOR
"d8:9c:8e:00:4e:d9","C4:50:9C:D3:A9:54",POOR
"d8:9c:8e:00:4e:de","AC:4C:A5:43:FD:9B",POOR
"d8:9c:8e:00:4e:ed","D4:E2:CB:D8:97:C0",FAIR
"d8:9c:8e:00:4e:f7","D4:E2:CB:DB:7F:1F",GOOD
"d8:9c:8e:00:4e:fc","B8:A5:35:A0:45:36",FAIR
"d8:9c:8e:00:4f:10","D4:E2:CB:DC:6E:AE",POOR
"d8:9c:8e:00:4f:15","C4:50:9C:0F:37:F8",FAIR
"d8:9c:8e:00:4f:1a","B8:5E:71:40:77:41",FAIR
"d8:9c:8e:00:4f:38","0C:FE:7B:CB:C1:B4",GOOD
"d8:9c:8e:00:4f:47","E4:BF:FA:BB:3B:03",FAIR
"d8:9c:8e:00:4f:56","10:A7:93:09:79:40",POOR
"d8:9c:8e:00:4f:65","A8:70:5D:09:2B:6E",GOOD
"d8:9c:8e:00:4f:74","C4:4F:D5:45:F1:0C",GOOD
"d8:9c:8e:00:4f:83","B8:5E:71:F9:95:1C",GOOD
"d8:9c:8e:00:4f:88","C4:4F:D5:63:F1:24",FAIR
"d8:9c:8e:00:4f:8d","C4:4F:D5:4B:F1:FC",EXCELLENT
"d8:9c:8e:00:4f:a1","E0:DB:D1:F4:9F:21",POOR
"d8:9c:8e:00:4f:d8","B8:A5:35:91:E8:26",FAIR
"d8:9c:8e:00:4f:f1","F8:79:0A:24:20:04",FAIR
"d8:9c:8e:00:4f:f6","70:13:01:E6:45:24",FAIR
"d8:9c:8e:00:50:00","80:DA:C2:78:C3:54",POOR
"d8:9c:8e:00:50:0f","80:DA:C2:7C:56:24",GOOD
"d8:9c:8e:00:50:28","48:BD:CE:86:BD:9C",FAIR
"d8:9c:8e:00:50:37","C4:50:9C:97:5B:4C",POOR
"d8:9c:8e:00:50:41","80:DA:C2:29:06:48",EXCELLENT
"d8:9c:8e:00:50:50","3C:82:C0:D0:B1:11",POOR
"d8:9c:8e:00:50:96","1C:9D:72:DD:5A:E3",GOOD
"d8:9c:8e:00:50:a0","B8:5E:71:FB:27:7C",FAIR
"d8:9c:8e:00:50:aa","70:13:01:62:07:C4",POOR
"d8:9c:8e:00:50:c3","08:A7:C0:3B:D6:4C",POOR
"d8:9c:8e:00:50:c8","40:75:C3:F2:E4:2C",FAIR
"d8:9c:8e:00:50:d7","80:DA:C2:EB:3D:F8",POOR
"d8:9c:8e:00:51:1d","F8:D0:0E:B3:86:54",POOR
"d8:9c:8e:00:51:2c","70:13:01:01:7C:78",POOR
"d8:9c:8e:00:51:31","48:BD:CE:F8:8F:B4",POOR
"d8:9c:8e:00:51:40","80:DA:C2:F1:1C:80",EXCELLENT
"d8:9c:8e:00:51:4f","F8:5E:42:F8:D3:68",GOOD
"d8:9c:8e:00:51:54","C4:50:9C:FC:BF:2C",POOR
"d8:9c:8e:00:51:81","80:DA:C2:83:68:3C",GOOD
"d8:9c:8e:00:51:86","94:04:E3:88:94:A4",POOR
"d8:9c:8e:00:51:9a","48:BD:CE:7F:20:94",FAIR
"d8:9c:8e:00:51:a4","AC:4C:A5:5E:62:1C",GOOD
"d8:9c:8e:00:52:03","CC:F3:C8:70:8B:24",POOR
"d8:9c:8e:00:52:12","1C:9E:CC:12:BB:49",POOR
"d8:9c:8e:00:52:26","10:A7:93:01:79:60",POOR
"d8:9c:8e:00:52:30","40:0F:C1:FE:8A:7C",POOR
"d8:9c:8e:00:52:3f","D4:6C:6D:AB:E2:D6",FAIR
"d8:9c:8e:00:52:44","C4:4F:D5:8E:84:EC",POOR
"d8:9c:8e:00:52:49","B8:5E:71:F0:A9:9C",FAIR
"d8:9c:8e:00:52:58","F4:C1:14:F9:28:A7",POOR
"d8:9c:8e:00:52:62","10:36:AA:D6:DB:34",FAIR
"d8:9c:8e:00:52:76","F8:D0:0E:76:83:2C",FAIR
"d8:9c:8e:00:52:8f","AC:4C:A5:49:A4:80",EXCELLENT
"d8:9c:8e:00:52:9e","B8:5E:71:4B:12:59",FAIR
"d8:9c:8e:00:52:a8","B8:A5:35:97:4D:C6",GOOD
"d8:9c:8e:00:52:b7","1C:9D:72:FE:04:2C",POOR
"d8:9c:8e:00:52:da","F4:C1:14:6C:7B:93",FAIR
"d8:9c:8e:00:52:e4","A8:70:5D:56:C4:B0",POOR
"d8:9c:8e:00:52:ee","80:DA:C2:C1:EA:D2",POOR
"d8:9c:8e:00:52:f8","CC:F3:C8:6A:08:8C",POOR
"d8:9c:8e:00:53:0c","1C:93:7C:17:BF:7C",POOR
"d8:9c:8e:00:53:11","94:04:E3:A4:0C:68",POOR
"d8:9c:8e:00:53:2f","48:BD:CE:47:83:FD",FAIR
"d8:9c:8e:00:53:43","3C:82:C0:E9:88:4B",FAIR
"d8:9c:8e:00:53:57","AC:DB:48:E6:80:2C",POOR
"d8:9c:8e:00:53:61","0C:FE:7B:86:0C:0C",POOR
"d8:9c:8e:00:53:6b","F8:D0:0E:45:C4:E4",POOR
"d8:9c:8e:00:53:a2","1C:93:7C:72:10:59",POOR
"d8:9c:8e:00:53:b1","94:04:E3:8D:5D:54",POOR
"d8:9c:8e:00:53:c5","10:A7:93:19:09:40",POOR
"d8:9c:8e:00:53:d4","40:75:C3:41:8C:1C",POOR
"d8:9c:8e:00:53:f2","D4:E2:CB:9D:3E:64",FAIR
"d8:9c:8e:00:54:1a","F8:D0:0E:A9:6C:DC",POOR
"d8:9c:8e:00:54:47","80:DA:C2:EE:1F:58",POOR
"d8:9c:8e:00:54:65","3C:82:C0:D9:69:15",POOR
"d8:9c:8e:00:54:6a","0C:FE:7B:C1:DC:34",FAIR
"d8:9c:8e:00:54:83","40:75:C3:45:79:8C",EXCELLENT
"d8:9c:8e:00:54:a1","D4:6C:6D:0E:20:DB",POOR
"d8:9c:8e:00:54:bf","10:A7:93:05:D4:A8",FAIR
"d8:9c:8e:00:54:ce","10:A7:93:04:DE:00",POOR
"d8:9c:8e:00:54:dd","A8:70:5D:AB:FB:B2",GOOD
"d8:9c:8e:00:54:e2","1C:9D:72:6F:AC:4C",POOR
"d8:9c:8e:00:54:ec","1C:9D:72:3B:28:E7",FAIR
"d8:9c:8e:00:54:fb","F8:D0:0E:B3:89:6C",POOR
"d8:9c:8e:00:55:0f","10:A7:93:0D:AD:80",FAIR
"d8:9c:8e:00:55:41","80:DA:C2:99:3F:EC",POOR
"d8:9c:8e:00:55:64","48:BD:CE:FE:D6:D4",POOR
"d8:9c:8e:00:55:69","D4:6C:6D:0D:F9:27",FAIR
"d8:9c:8e:00:55:7d","94:04:E3:85:93:04",POOR
"d8:9c:8e:00:55:82","B8:5E:71:FD:F2:44",POOR
"d8:9c:8e:00:55:a0","94:04:E3:F9:3B:CA",POOR
"d8:9c:8e:00:55:aa","E0:DB:D1:25:BA:1A",POOR
"d8:9c:8e:00:55:f0","B8:A5:35:A5:8F:BE",GOOD
"d8:9c:8e:00:56:09","D4:6C:6D:B6:86:CC",POOR
"d8:9c:8e:00:56:18","70:13:01:72:4C:0C",FAIR
"d8:9c:8e:00:56:6d","CC:F3:C8:72:E1:C4",POOR
"d8:9c:8e:00:56:8b","40:75:C3:32:FD:94",POOR
"d8:9c:8e:00:56:f9","70:13:01:28:60:8C",POOR
"d8:9c:8e:00:56:fe","48:BD:CE:F9:63:24",FAIR
"d8:9c:8e:00:57:08","40:75:C3:41:AA:74",POOR
"d8:9c:8e:00:57:17","94:04:E3:FD:69:62",POOR
"d8:9c:8e:00:57:1c","80:DA:C2:28:6C:D0",POOR
"d8:9c:8e:00:57:21","70:13:01:E4:B0:64",FAIR
"d8:9c:8e:00:57:2b","AC:DB:48:86:58:B4",POOR
"d8:9c:8e:00:57:35","0C:FE:7B:7C:9C:F4",POOR
"d8:9c:8e:00:57:6c","70:13:01:0A:C6:C8",FAIR
"d8:9c:8e:00:57:71","80:DA:C2:E4:EB:15",FAIR
"d8:9c:8e:00:57:bc","70:13:01:F9:CC:F4",POOR
"d8:9c:8e:00:57:c1","5C:7D:7D:52:18:68",POOR
"d8:9c:8e:00:57:c6","80:DA:C2:29:9F:90",POOR
"d8:9c:8e:00:57:cb","70:13:01:24:CB:B4",POOR
"d8:9c:8e:00:58:34","CC:F3:C8:67:4F:CC",FAIR
"d8:9c:8e:00:58:43","5C:7D:7D:24:F1:A9",POOR
"d8:9c:8e:00:58:89","40:0F:C1:DD:BB:08",GOOD
"d8:9c:8e:00:58:8e","C4:50:9C:74:E0:B4",FAIR
"d8:9c:8e:00:58:a2","40:75:C3:FB:71:CC",POOR
"d8:9c:8e:00:58:a7","70:13:01:83:CE:04",FAIR
"d8:9c:8e:00:58:bb","C4:50:9C:14:17:A8",GOOD
"d8:9c:8e:00:58:c0","D4:E2:CB:D2:9E:88",GOOD
"d8:9c:8e:00:58:c5","10:36:AA:08:D1:78",GOOD
"d8:9c:8e:00:58:d4","3C:2D:9E:DE:98:EC",POOR
"d8:9c:8e:00:58:de","E0:DB:D1:E9:A8:D0",POOR
"d8:9c:8e:00:58:e3","B8:5E:71:F8:2C:F4",POOR
"d8:9c:8e:00:58:f2","94:04:E3:86:BD:4C",GOOD
"d8:9c:8e:00:58:f7","B8:5E:71:F3:E9:8C",FAIR
"d8:9c:8e:00:59:29","E0:DB:D1:1F:BE:32",POOR
"d8:9c:8e:00:59:2e","94:04:E3:AA:DB:28",POOR
"d8:9c:8e:00:59:51","B8:5E:71:3A:8A:D9",GOOD
"d8:9c:8e:00:59:7e","F4:C1:14:6B:D9:9E",POOR
"d8:9c:8e:00:59:97","48:BD:CE:EC:C9:44",FAIR
"d8:9c:8e:00:59:ab","B8:5E:71:48:9D:51",POOR
"d8:9c:8e:00:59:ce","10:A7:93:05:85:58",FAIR
"d8:9c:8e:00:59:dd","1C:9E:CC:10:44:7E",FAIR
"d8:9c:8e:00:59:e7","80:DA:C2:8E:E6:54",GOOD
"d8:9c:8e:00:59:fb","48:4B:D4:6B:84:B1",FAIR
"d8:9c:8e:00:5a:05","1C:9D:72:02:81:D7",FAIR
"d8:9c:8e:00:5a:23","F8:D2:AC:04:32:D0",POOR
"d8:9c:8e:00:5a:32","1C:93:7C:C4:8D:67",POOR
"d8:9c:8e:00:5a:55","C4:4F:D5:FA:64:04",FAIR
"d8:9c:8e:00:5a:64","48:BD:CE:7F:05:54",GOOD
"d8:9c:8e:00:5a:78","5C:22:DA:3C:BB:BB",GOOD
"d8:9c:8e:00:5a:c8","B8:5E:71:F3:19:5C",GOOD
"d8:9c:8e:00:5a:d2","B8:5E:71:39:7E:79",POOR
"d8:9c:8e:00:5a:dc","80:DA:C2:78:8C:D4",FAIR
"d8:9c:8e:00:5a:e1","5C:22:DA:EC:CD:F0",GOOD
"d8:9c:8e:00:5a:eb","A8:70:5D:64:9E:0A",POOR
"d8:9c:8e:00:5a:f5","AC:DB:48:12:82:AE",FAIR
"d8:9c:8e:00:5a:fa","88:9E:68:6D:63:EA",POOR
"d8:9c:8e:00:5b:13","D4:E2:CB:DD:5E:E5",FAIR
"d8:9c:8e:00:5b:1d","CC:F3:C8:C3:AF:44",POOR
"d8:9c:8e:00:5b:45","0C:FE:7B:CB:51:F4",FAIR
"d8:9c:8e:00:5b:4a","10:A7:93:0A:F3:C8",FAIR
"d8:9c:8e:00:5b:72","10:A7:93:0A:33:38",GOOD
"d8:9c:8e:00:5b:86","80:DA:C2:10:13:6D",FAIR
"d8:9c:8e:00:5b:95","70:13:01:46:8A:FC",FAIR
"d8:9c:8e:00:5b:9a","1C:9E:CC:04:26:58",POOR
"d8:9c:8e:00:5b:9f","10:36:AA:76:9D:3C",FAIR
"d8:9c:8e:00:5b:a9","5C:7D:7D:84:10:AC",FAIR
"d8:9c:8e:00:5b:ae","F8:D0:0E:A9:8D:4C",EXCELLENT
"d8:9c:8e:00:5b:b3","48:BD:CE:FF:41:34",POOR
"d8:9c:8e:00:5b:b8","80:DA:C2:23:EE:D8",GOOD
"d8:9c:8e:00:5b:d6","F8:D0:0E:D2:6C:A4",GOOD
"d8:9c:8e:00:5b:f4","8C:6A:8D:60:65:F4",FAIR
"d8:9c:8e:00:5c:17","3C:2D:9E:86:35:A4",FAIR
"d8:9c:8e:00:5c:1c","CC:F3:C8:6D:EE:3C",POOR
"d8:9c:8e:00:5c:21","AC:DB:48:80:4A:0C",GOOD
"d8:9c:8e:00:5c:53","0C:FE:7B:AF:1B:DC",POOR
"d8:9c:8e:00:5c:58","10:36:AA:E7:4B:4C",FAIR
"d8:9c:8e:00:5c:62","B8:5E:71:37:89:59",EXCELLENT
"d8:9c:8e:00:5c:67","D4:6C:6D:9A:8E:3A",GOOD
"d8:9c:8e:00:5c:71","A8:70:5D:90:31:BE",EXCELLENT
"d8:9c:8e:00:5c:7b","D4:6C:6D:B3:F4:58",GOOD
"d8:9c:8e:00:5c:94","F8:D2:AC:AF:89:2D",GOOD
"d8:9c:8e:00:5c:ad","70:13:01:D5:94:34",FAIR
"d8:9c:8e:00:5c:c1","AC:4C:A5:AB:B8:30",FAIR
"d8:9c:8e:00:5c:c6","F8:D0:0E:65:08:BC",FAIR
"d8:9c:8e:00:5c:e9","94:F7:BE:8D:39:FA",FAIR
"d8:9c:8e:00:5d:02","E0:DB:D1:C8:3B:54",FAIR
"d8:9c:8e:00:5d:07","C4:4F:D5:D2:28:7C",POOR
"d8:9c:8e:00:5d:1b","C4:4F:D5:FE:43:04",GOOD
"d8:9c:8e:00:5d:25","48:4B:D4:73:D0:19",FAIR
"d8:9c:8e:00:5d:2a","A8:70:5D:C4:0F:35",POOR
"d8:9c:8e:00:5d:2f","40:0F:C1:C6:1D:94",FAIR
"d8:9c:8e:00:5d:34","10:36:AA:00:18:98",POOR
"d8:9c:8e:00:5d:43","A8:70:5D:59:55:8D",FAIR
"d8:9c:8e:00:5d:4d","CC:F3:C8:C7:36:0C",POOR
"d8:9c:8e:00:5d:7a","3C:2D:9E:EE:71:2C",POOR
"d8:9c:8e:00:5d:c0","40:75:C3:CF:71:AF",FAIR
"d8:9c:8e:00:5d:ca","C4:4F:D5:92:75:F4",GOOD
"d8:9c:8e:00:5d:cf","94:04:E3:FC:ED:9A",POOR
"d8:9c:8e:00:5d:e3","1C:9D:72:07:28:24",POOR
"d8:9c:8e:00:5e:01","5C:7D:7D:40:5A:F0",FAIR
"d8:9c:8e:00:5e:0b","AC:DB:48:DD:2D:C6",POOR
"d8:9c:8e:00:5e:10","48:BD:CE:82:62:74",EXCELLENT
"d8:9c:8e:00:5e:1a","40:75:C3:32:E2:BC",POOR
"d8:9c:8e:00:5e:2e","B8:5E:71:3F:CF:19",GOOD
"d8:9c:8e:00:5e:33","C4:4F:D5:03:B8:60",POOR
"d8:9c:8e:00:5e:5b","B8:A5:35:93:33:0E",FAIR
"d8:9c:8e:00:5e:60","F8:79:0A:2C:EA:76",EXCELLENT
"d8:9c:8e:00:5e:65","00:CB:7A:04:49:FD",POOR
"d8:9c:8e:00:5e:6f","B8:A5:35:96:A6:96",FAIR
"d8:9c:8e:00:5e:bf","C0:94:35:09:DF:9F",POOR
"d8:9c:8e:00:5e:c4","0C:FE:7B:A6:58:6C",POOR
"d8:9c:8e:00:5e:d8","8C:76:3F:24:7B:CD",FAIR
"d8:9c:8e:00:5e:e2","E4:BF:FA:86:5E:87",GOOD
"d8:9c:8e:00:5f:05","1C:9E:CC:25:86:7E",GOOD
"d8:9c:8e:00:5f:0a","10:A7:93:02:FA:68",FAIR
"d8:9c:8e:00:5f:14","F8:D0:0E:AB:6B:AC",FAIR
"d8:9c:8e:00:5f:28","10:36:AA:D0:FD:9C",POOR
"d8:9c:8e:00:5f:64","40:75:C3:E7:6C:44",POOR
"d8:9c:8e:00:5f:73","70:13:01:C8:FF:FC",POOR
"d8:9c:8e:00:5f:8c","AC:4C:A5:43:A8:3D",FAIR
"d8:9c:8e:00:5f:91","F8:D0:0E:06:5D:B8",POOR
"d8:9c:8e:00:5f:a0","10:A7:93:02:8F:60",POOR
"d8:9c:8e:00:5f:aa","80:DA:C2:F5:41:58",POOR
"d8:9c:8e:00:5f:b4","8C:6A:8D:4E:D3:0F",POOR
"d8:9c:8e:00:5f:d2","80:DA:C2:F5:1F:90",EXCELLENT
"d8:9c:8e:00:5f:fa","80:DA:C2:85:E2:DC",UNAVAILABLE
"d8:9c:8e:00:5f:ff","1C:9D:72:03:1B:9F",FAIR
"d8:9c:8e:00:60:22","94:04:E3:F9:E8:EA",POOR
"d8:9c:8e:00:60:3b","AC:DB:48:E7:FD:0C",FAIR
"d8:9c:8e:00:60:40","CC:F3:C8:72:04:04",POOR
"d8:9c:8e:00:60:45","C4:50:9C:2E:26:14",FAIR
"d8:9c:8e:00:60:72","F8:D0:0E:B4:40:A4",FAIR
"d8:9c:8e:00:60:7c","E0:DB:D1:C0:85:93",EXCELLENT
